INSERT INTO Users (name, email, phone, password, role, status, address, joinDate, loyaltyPoints) VALUES
('Admin Account', 'admin@shopbd.com', '01711234567', 'scrypt:32768:8:1$BO1tHsmqbYBlM0Pv$731874a21e4044b40e335cd27664fa6f50e9feeeca2f89125cc0d33569f703558613e321a95b4b32c2310411b72311', 'admin', 'active', 'Dhanmondi 15, Dhaka-1209', '2025-06-15', 0),
('Karim Electronics', 'karim@electronics.bd', '01812345678', 'scrypt:32768:8:1$BO1tHsmqbYBlM0Pv$731874a21e4044b40e335cd27664fa6f50e9feeeca2f89125cc0d33569f703558613e321a95b4b32c2310411b7231', 'seller', 'active', 'New Market, Dhaka-1205', '2025-06-20', 0),
('Fatima Fashion House', 'fatima@fashion.bd', '01913456789', 'scrypt:32768:8:1$BO1tHsmqbYBlM0Pv$731874a21e4044b40e335cd27664fa6f50e9feeeca2f89125cc0d33569f703558613e321a95b4b32c2310411b7231', 'seller', 'active', 'Chawk Bazar, Dhaka-1211', '2025-06-25', 0),
('Hasan Book Corner', 'hasan@books.bd', '01534567890', 'scrypt:32768:8:1$BO1tHsmqbYBlM0Pv$731874a21e4044b40e335cd27664fa6f50e9feeeca2f89125cc0d33569f703558613e321a95b4b32c2310411b7231', 'seller', 'active', 'Nilkhet, Dhaka-1205', '2025-07-01', 0),
('Nasir Home Decor', 'nasir@homedecor.bd', '01645678901', 'scrypt:32768:8:1$BO1tHsmqbYBlM0Pv$731874a21e4044b40e335cd27664fa6f50e9feeeca2f89125cc0d33569f703558613e321a95b4b32c2310411b7231', 'seller', 'active', 'Elephant Road, Dhaka-1205', '2025-07-05', 0),
('Sports Zone BD', 'sports@zone.bd', '01756789012', 'scrypt:32768:8:1$BO1tHsmqbYBlM0Pv$731874a21e4044b40e335cd27664fa6f50e9feeeca2f89125cc0d33569f703558613e321a95b4b32c2310411b7231', 'seller', 'active', 'Stadium Market, Dhaka-1000', '2025-07-10', 0),
('Md. Abdul Karim', 'karim.user@gmail.com', '01611111111', 'scrypt:32768:8:1$BO1tHsmqbYBlM0Pv$731874a21e4044b40e335cd27664fa6f50e9feeeca2f89125cc0d33569f703558613e321a95b4b32c2310411b7231', 'customer', 'active', 'Mirpur 10, Dhaka-1216', '2025-06-30', 87),
('Rashida Begum', 'rashida@yahoo.com', '01722222222', 'scrypt:32768:8:1$BO1tHsmqbYBlM0Pv$731874a21e4044b40e335cd27664fa6f50e9feeeca2f89125cc0d33569f703558613e321a95b4b32c2310411b7231', 'customer', 'active', 'Uttara Sector 7, Dhaka-1230', '2025-07-02', 156),
('Shakib Ahmed', 'shakib.ahmed@gmail.com', '01833333333', 'scrypt:32768:8:1$BO1tHsmqbYBlM0Pv$731874a21e4044b40e335cd27664fa6f50e9feeeca2f89125cc0d33569f703558613e321a95b4b32c2310411b7231', 'customer', 'active', 'Gulshan 1, Dhaka-1212', '2025-07-05', 234),
('Sadia Islam', 'sadia.islam@outlook.com', '01944444444', 'scrypt:32768:8:1$BO1tHsmqbYBlM0Pv$731874a21e4044b40e335cd27664fa6f50e9feeeca2f89125cc0d33569f703558613e321a95b4b32c2310411b7231', 'customer', 'active', 'Banani, Dhaka-1213', '2025-07-08', 92),
('Rafiq Hassan', 'rafiq.hassan@gmail.com', '01555555555', 'scrypt:32768:8:1$BO1tHsmqbYBlM0Pv$731874a21e4044b40e335cd27664fa6f50e9feeeca2f89125cc0d33569f703558613e321a95b4b32c2310411b7231', 'customer', 'active', 'Dhanmondi 32, Dhaka-1209', '2025-07-12', 178),
('Amina Khatun', 'amina.k@gmail.com', '01666666666', 'scrypt:32768:8:1$BO1tHsmqbYBlM0Pv$731874a21e4044b40e335cd27664fa6f50e9feeeca2f89125cc0d33569f703558613e321a95b4b32c2310411b7231', 'customer', 'active', 'Mohammadpur, Dhaka-1207', '2025-07-15', 63),
('Tarek Rahman', 'tarek.rahman@gmail.com', '01777777777', 'scrypt:32768:8:1$BO1tHsmqbYBlM0Pv$731874a21e4044b40e335cd27664fa6f50e9feeeca2f89125cc0d33569f703558613e321a95b4b32c2310411b7231', 'customer', 'active', 'Wari, Dhaka-1203', '2025-07-18', 145),
('Nusrat Jahan', 'nusrat.jahan@gmail.com', '01888888888', 'scrypt:32768:8:1$BO1tHsmqbYBlM0Pv$731874a21e4044b40e335cd27664fa6f50e9feeeca2f89125cc0d33569f703558613e321a95b4b32c2310411b7231', 'customer', 'active', 'Farmgate, Dhaka-1215', '2025-07-20', 89),
('Ibrahim Khan', 'ibrahim.khan@gmail.com', '01999999999', 'scrypt:32768:8:1$BO1tHsmqbYBlM0Pv$731874a21e4044b40e335cd27664fa6f50e9feeeca2f89125cc0d33569f703558613e321a95b4b32c2310411b7231', 'customer', 'active', 'Panthapath, Dhaka-1205', '2025-07-22', 267),
('Fatema Sultana', 'fatema.s@gmail.com', '01600000000', 'scrypt:32768:8:1$BO1tHsmqbYBlM0Pv$731874a21e4044b40e335cd27664fa6f50e9feeeca2f89125cc0d33569f703558613e321a95b4b32c2310411b7231', 'customer', 'active', 'Tejgaon, Dhaka-1208', '2025-07-25', 134),
('Mizanur Rahman', 'mizan.r@gmail.com', '01711111112', 'scrypt:32768:8:1$BO1tHsmqbYBlM0Pv$731874a21e4044b40e335cd27664fa6f50e9feeeca2f89125cc0d33569f703558613e321a95b4b32c2310411b7231', 'customer', 'active', 'Jatrabari, Dhaka-1204', '2025-07-28', 98),
('Salma Begum', 'salma.begum@gmail.com', '01822222223', 'scrypt:32768:8:1$BO1tHsmqbYBlM0Pv$731874a21e4044b40e335cd27664fa6f50e9feeeca2f89125cc0d33569f703558613e321a95b4b32c2310411b7231', 'customer', 'active', 'Lalbagh, Dhaka-1211', '2025-08-01', 176),
('Jahangir Alam', 'jahangir.alam@gmail.com', '01933333334', 'scrypt:32768:8:1$BO1tHsmqbYBlM0Pv$731874a21e4044b40e335cd27664fa6f50e9feeeca2f89125cc0d33569f703558613e321a95b4b32c2310411b7231', 'customer', 'active', 'Ramna, Dhaka-1000', '2025-08-05', 112),
('Ruma Akter', 'ruma.akter@gmail.com', '01544444445', 'scrypt:32768:8:1$BO1tHsmqbYBlM0Pv$731874a21e4044b40e335cd27664fa6f50e9feeeca2f89125cc0d33569f703558613e321a95b4b32c2310411b7231', 'customer', 'active', 'Shantinagar, Dhaka-1217', '2025-08-08', 203),
('Nasir Uddin', 'nasir.uddin@gmail.com', '01655555556', 'scrypt:32768:8:1$BO1tHsmqbYBlM0Pv$731874a21e4044b40e335cd27664fa6f50e9feeeca2f89125cc0d33569f703558613e321a95b4b32c2310411b7231', 'customer', 'active', 'Malibagh, Dhaka-1217', '2025-08-12', 87),
('Kulsum Begum', 'kulsum.b@gmail.com', '01766666667', 'scrypt:32768:8:1$BO1tHsmqbYBlM0Pv$731874a21e4044b40e335cd27664fa6f50e9feeeca2f89125cc0d33569f703558613e321a95b4b32c2310411b7231', 'customer', 'active', 'Khilgaon, Dhaka-1219', '2025-08-15', 156),
('Habib Rahman', 'habib.rahman@gmail.com', '01877777778', 'scrypt:32768:8:1$BO1tHsmqbYBlM0Pv$731874a21e4044b40e335cd27664fa6f50e9feeeca2f89125cc0d33569f703558613e321a95b4b32c2310411b7231', 'customer', 'active', 'Motijheel, Dhaka-1000', '2025-08-18', 91),
('Yasmin Akhter', 'yasmin.akhter@gmail.com', '01988888889', 'scrypt:32768:8:1$BO1tHsmqbYBlM0Pv$731874a21e4044b40e335cd27664fa6f50e9feeeca2f89125cc0d33569f703558613e321a95b4b32c2310411b7231', 'customer', 'active', 'Paltan, Dhaka-1000', '2025-08-22', 234),
('Mahbub Ahmed', 'mahbub.ahmed@gmail.com', '01599999990', 'scrypt:32768:8:1$BO1tHsmqbYBlM0Pv$731874a21e4044b40e335cd27664fa6f50e9feeeca2f89125cc0d33569f703558613e321a95b4b32c2310411b7231', 'customer', 'active', 'Badda, Dhaka-1212', '2025-08-25', 145),
('Rehana Parveen', 'rehana.p@gmail.com', '01600000001', 'scrypt:32768:8:1$BO1tHsmqbYBlM0Pv$731874a21e4044b40e335cd27664fa6f50e9feeeca2f89125cc0d33569f703558613e321a95b4b32c2310411b7231', 'customer', 'active', 'Rampura, Dhaka-1219', '2025-08-28', 189);
INSERT INTO Products (productName, productCategory, brand, dateAdded) VALUES
('Samsung Galaxy A54 5G', 'electronics', 'Samsung', '2025-06-20'),
('iPhone 15', 'electronics', 'Apple', '2025-06-21'),
('Walton Smart TV 43 inch', 'electronics', 'Walton', '2025-06-22'),
('HP Pavilion Laptop', 'electronics', 'HP', '2025-06-23'),
('Sony WH-1000XM4 Headphones', 'electronics', 'Sony', '2025-06-24'),
('Canon EOS 1500D Camera', 'electronics', 'Canon', '2025-06-25'),
('Cotton Punjabi for Men', 'clothing', 'Aarong', '2025-06-25'),
('Ladies Kurti', 'clothing', 'Kay Kraft', '2025-06-26'),
('Denim Jeans', 'clothing', 'Yellow', '2025-06-27'),
('Formal Shirt', 'clothing', 'Ecstasy', '2025-06-28'),
('Saree - Jamdani', 'clothing', 'Aarong', '2025-06-29'),
('T-Shirt Cotton', 'clothing', 'Cats Eye', '2025-06-30'),
('Himu Series - Misir Ali', 'books', 'Anyaprakash', '2025-07-01'),
('Physics - Class XI-XII', 'books', 'Lecture Publications', '2025-07-02'),
('English Grammar', 'books', 'PC Das', '2025-07-03'),
('Bangla Literature', 'books', 'University Press', '2025-07-04'),
('Programming with Python', 'books', 'Rokomari Publications', '2025-07-05'),
('Islamic Studies', 'books', 'Maktaba Publications', '2025-07-06'),
('Rice Cooker 1.5L', 'home & kitchen', 'Miyako', '2025-07-10'),
('Dinner Set 24 pieces', 'home & kitchen', 'Melamine', '2025-07-11'),
('Electric Kettle', 'home & kitchen', 'Philips', '2025-07-12'),
('Pressure Cooker 5L', 'home & kitchen', 'Hawkins', '2025-07-13'),
('Kitchen Knife Set', 'home & kitchen', 'German Steel', '2025-07-14'),
('Table Fan', 'home & kitchen', 'KDK', '2025-07-15'),
('Cricket Bat Willow', 'sports & outdoors', 'SS', '2025-07-15'),
('Football Size 5', 'sports & outdoors', 'Mikasa', '2025-07-16'),
('Badminton Racket', 'sports & outdoors', 'Yonex', '2025-07-17'),
('Yoga Mat', 'sports & outdoors', 'Nike', '2025-07-18'),
('Dumbbells Set 20kg', 'sports & outdoors', 'Adidas', '2025-07-19'),
('Cricket Ball Leather', 'sports & outdoors', 'MRF', '2025-07-20');
INSERT INTO Inventory (productID, sellerID, pricePerUnit, currentStock, reorderLevel) VALUES
(1, 2, 32000.00, 25, 5),
(2, 2, 89000.00, 15, 3),
(3, 2, 28000.00, 30, 8),
(4, 2, 55000.00, 20, 5),
(5, 2, 22000.00, 35, 10),
(6, 2, 45000.00, 12, 3),
(7, 3, 1200.00, 50, 15),
(8, 3, 800.00, 45, 12),
(9, 3, 1500.00, 40, 10),
(10, 3, 1000.00, 55, 15),
(11, 3, 3500.00, 25, 8), 
(12, 3, 600.00, 60, 20),
(13, 4, 350.00, 100, 25),
(14, 4, 450.00, 80, 20),
(15, 4, 280.00, 120, 30), 
(16, 4, 320.00, 90, 25),
(17, 4, 550.00, 70, 15),
(18, 4, 300.00, 110, 30),
(19, 5, 2800.00, 30, 8),
(20, 5, 1200.00, 25, 10),
(21, 5, 1500.00, 40, 12),
(22, 5, 3200.00, 20, 5),
(23, 5, 800.00, 50, 15),
(24, 5, 2200.00, 35, 10),
(25, 6, 2500.00, 25, 8),
(26, 6, 1200.00, 40, 12),
(27, 6, 1800.00, 30, 10),
(28, 6, 1500.00, 45, 15),
(29, 6, 8500.00, 15, 5),
(30, 6, 800.00, 60, 20);
INSERT INTO Discounts (discountCode, discountType, discountValue, startDate, endDate, useLimit) VALUES
('EID2025', 'percentage', 10.00, '2025-07-15', '2025-07-25', 100),
('NEWUSER', 'fixed_amount', 200.00, '2025-06-01', '2025-12-31', 500),
('ELECTRONICS5', 'percentage', 5.00, '2025-08-01', '2025-08-31', 50),
('BOOKFAIR', 'percentage', 15.00, '2025-08-10', '2025-08-20', 200);
INSERT INTO Orders (orderID, userID, orderDate, orderStatus) VALUES
(1, 7, '2025-07-01 10:30:00', 'delivered'),
(2, 8, '2025-07-02 14:20:00', 'delivered'),
(3, 9, '2025-07-03 09:15:00', 'delivered'),
(4, 10, '2025-07-05 16:45:00', 'delivered'),
(5, 11, '2025-07-08 11:30:00', 'delivered'),
(6, 12, '2025-07-10 13:20:00', 'delivered'),
(7, 13, '2025-07-12 15:10:00', 'delivered'),
(8, 14, '2025-07-15 10:45:00', 'delivered'),
(9, 15, '2025-07-18 12:30:00', 'delivered'),
(10, 16, '2025-07-20 14:15:00', 'delivered'),
(11, 17, '2025-07-22 09:45:00', 'delivered'),
(12, 18, '2025-07-25 11:20:00', 'delivered'),
(13, 19, '2025-07-28 13:30:00', 'delivered'),
(14, 20, '2025-08-01 15:45:00', 'delivered'),
(15, 21, '2025-08-03 10:15:00', 'delivered'),
(16, 22, '2025-08-05 12:45:00', 'delivered'),
(17, 23, '2025-08-08 14:20:00', 'delivered'),
(18, 24, '2025-08-10 16:30:00', 'delivered'),
(19, 25, '2025-08-12 11:45:00', 'delivered'),
(20, 26, '2025-08-15 13:15:00', 'delivered'),
(21, 7, '2025-08-18 10:30:00', 'shipped'),
(22, 9, '2025-08-20 14:45:00', 'processing'),
(23, 11, '2025-08-22 12:15:00', 'confirmed'),
(24, 13, '2025-08-25 15:30:00', 'pending'),
(25, 15, '2025-09-01 11:20:00', 'pending');
INSERT INTO OrderItems (orderID, inventoryID, quantity, priceOnSale, discountID) VALUES
(1, 7, 2, 1200.00, NULL),
(1, 12, 3, 600.00, NULL),
(1, 13, 5, 350.00, NULL),
(1, 23, 1, 800.00, NULL),
(1, 26, 2, 1200.00, NULL),
(2, 8, 3, 800.00, NULL),
(2, 9, 2, 1500.00, NULL),
(2, 14, 4, 450.00, NULL),
(2, 19, 1, 2800.00, NULL),
(2, 21, 2, 1500.00, NULL),
(2, 28, 2, 1500.00, NULL),
(3, 1, 1, 31000.00, NULL),
(3, 27, 1, 1800.00, NULL),
(3, 15, 2, 280.00, NULL),
(3, 30, 1, 800.00, NULL),
(4, 10, 2, 1000.00, NULL),
(4, 11, 1, 3500.00, NULL),
(4, 20, 1, 1200.00, NULL),
(4, 24, 1, 2200.00, NULL),
(4, 16, 2, 320.00, NULL),
(5, 17, 1, 550.00, NULL),
(5, 22, 1, 3200.00, NULL),
(5, 25, 2, 2500.00, NULL),
(5, 7, 3, 1200.00, NULL),
(5, 12, 5, 600.00, NULL),
(5, 18, 4, 300.00, NULL),
(5, 30, 3, 800.00, NULL),
(6, 8, 2, 800.00, NULL),
(6, 13, 3, 350.00, NULL),
(6, 21, 1, 1500.00, NULL),
(6, 26, 2, 1200.00, NULL),
(6, 23, 1, 800.00, NULL),
(7, 9, 2, 1500.00, NULL),
(7, 10, 3, 1000.00, NULL),
(7, 14, 4, 450.00, NULL),
(7, 19, 1, 2800.00, NULL),
(7, 28, 2, 1500.00, NULL),
(7, 30, 2, 800.00, NULL),
(7, 15, 1, 238.00, 4),
(8, 11, 1, 3500.00, NULL),
(8, 16, 3, 320.00, NULL),
(8, 20, 2, 1200.00, NULL),
(8, 24, 1, 2200.00, NULL),
(8, 27, 1, 1800.00, NULL),
(9, 7, 4, 1200.00, NULL),
(9, 8, 3, 800.00, NULL),
(9, 12, 5, 600.00, NULL),
(9, 13, 8, 350.00, NULL),
(9, 17, 2, 550.00, NULL),
(9, 19, 2, 2800.00, NULL),
(9, 21, 3, 1500.00, NULL),
(9, 25, 1, 2500.00, NULL),
(10, 9, 2, 1500.00, NULL),
(10, 10, 3, 1000.00, NULL),
(10, 14, 4, 450.00, NULL),
(10, 18, 5, 300.00, NULL),
(10, 22, 1, 3200.00, NULL),
(10, 26, 1, 1200.00, NULL),
(10, 28, 1, 1500.00, NULL),
(11, 11, 1, 3500.00, NULL),
(11, 15, 4, 280.00, NULL),
(11, 20, 2, 1200.00, NULL),
(11, 24, 1, 2200.00, NULL),
(11, 30, 1, 800.00, NULL),
(12, 7, 3, 1200.00, NULL),
(12, 8, 4, 800.00, NULL),
(12, 13, 6, 350.00, NULL),
(12, 16, 5, 320.00, NULL),
(12, 19, 2, 2800.00, NULL),
(12, 27, 1, 1800.00, NULL),
(13, 9, 2, 1500.00, NULL),
(13, 12, 4, 600.00, NULL),
(13, 17, 2, 550.00, NULL),
(13, 23, 3, 800.00, NULL),
(13, 27, 2, 1800.00, NULL),
(14, 8, 5, 800.00, NULL),
(14, 10, 4, 1000.00, NULL),
(14, 14, 6, 450.00, NULL),
(14, 18, 8, 300.00, NULL),
(14, 21, 3, 1500.00, NULL),
(14, 26, 2, 1200.00, NULL),
(14, 30, 1, 800.00, NULL),
(15, 7, 2, 1200.00, NULL),
(15, 13, 5, 350.00, NULL),
(15, 19, 1, 2800.00, NULL),
(15, 25, 1, 2500.00, NULL),
(16, 11, 2, 3500.00, NULL),
(16, 15, 6, 280.00, NULL), 
(16, 20, 3, 1200.00, NULL),
(16, 28, 2, 1500.00, NULL),
(16, 30, 4, 800.00, NULL),
(17, 9, 1, 1500.00, NULL),
(17, 12, 3, 600.00, NULL),
(17, 16, 4, 320.00, NULL),
(17, 22, 1, 3200.00, NULL),
(17, 24, 1, 2200.00, NULL),
(18, 7, 4, 1200.00, NULL),
(18, 8, 6, 800.00, NULL),
(18, 13, 10, 350.00, NULL),
(18, 14, 8, 450.00, NULL),
(18, 17, 4, 550.00, NULL),
(18, 19, 3, 2800.00, NULL),
(19, 9, 3, 1500.00, NULL),
(19, 10, 4, 1000.00, NULL),
(19, 15, 5, 280.00, NULL),
(19, 18, 6, 300.00, NULL),
(19, 21, 2, 1500.00, NULL),
(20, 11, 2, 3500.00, NULL),
(20, 16, 6, 320.00, NULL),
(20, 20, 4, 1200.00, NULL),
(20, 22, 2, 3200.00, NULL),
(20, 28, 3, 1500.00, NULL),
(21, 8, 2, 800.00, NULL),
(21, 13, 3, 350.00, NULL),
(21, 23, 1, 800.00, NULL),
(22, 7, 1, 1200.00, NULL),
(22, 19, 1, 2800.00, NULL),
(23, 12, 4, 600.00, NULL),
(23, 17, 1, 550.00, NULL),
(24, 14, 3, 450.00, NULL), 
(24, 21, 1, 1500.00, NULL),
(25, 15, 2, 280.00, NULL),
(25, 26, 1, 1200.00, NULL);
INSERT INTO Payments (orderID, transactionDate, amount, paymentMethod, paymentStatus) VALUES
(1, '2025-07-01 11:00:00', 8700.00, 'cash_on_delivery', 'completed'),
(2, '2025-07-02 15:00:00', 15600.00, 'cash_on_delivery', 'completed'),
(3, '2025-07-03 10:00:00', 23400.00, 'cash_on_delivery', 'completed'),
(4, '2025-07-05 17:30:00', 9200.00, 'cash_on_delivery', 'completed'),
(5, '2025-07-08 12:15:00', 17800.00, 'cash_on_delivery', 'completed'),
(6, '2025-07-10 14:00:00', 6300.00, 'cash_on_delivery', 'completed'),
(7, '2025-07-12 16:00:00', 14500.00, 'cash_on_delivery', 'completed'),
(8, '2025-07-15 11:30:00', 8900.00, 'cash_on_delivery', 'completed'),
(9, '2025-07-18 13:15:00', 26700.00, 'cash_on_delivery', 'completed'),
(10, '2025-07-20 15:00:00', 13400.00, 'cash_on_delivery', 'completed'),
(11, '2025-07-22 10:30:00', 9800.00, 'cash_on_delivery', 'completed'),
(12, '2025-07-25 12:00:00', 17600.00, 'cash_on_delivery', 'completed'),
(13, '2025-07-28 14:15:00', 11200.00, 'cash_on_delivery', 'completed'),
(14, '2025-08-01 16:30:00', 20300.00, 'cash_on_delivery', 'completed'),
(15, '2025-08-03 11:00:00', 8700.00, 'cash_on_delivery', 'completed'),
(16, '2025-08-05 13:30:00', 15600.00, 'cash_on_delivery', 'completed'),
(17, '2025-08-08 15:00:00', 9100.00, 'cash_on_delivery', 'completed'),
(18, '2025-08-10 17:15:00', 23400.00, 'cash_on_delivery', 'completed'),
(19, '2025-08-12 12:30:00', 14500.00, 'cash_on_delivery', 'completed'),
(20, '2025-08-15 14:00:00', 18900.00, 'cash_on_delivery', 'completed'),
(21, '2025-08-18 11:15:00', 3450.00, 'cash_on_delivery', 'pending'),
(22, '2025-08-20 15:30:00', 4000.00, 'cash_on_delivery', 'pending'),
(23, '2025-08-22 13:00:00', 2950.00, 'cash_on_delivery', 'pending'),
(24, '2025-08-25 16:15:00', 2850.00, 'cash_on_delivery', 'pending'),
(25, '2025-09-01 12:00:00', 1760.00, 'cash_on_delivery', 'pending');
INSERT INTO Cart (userID, inventoryID, quantity, dateAdded) VALUES
(7, 3, 1, '2025-09-05 10:30:00'), 
(7, 5, 1, '2025-09-06 14:20:00'),
(8, 11, 1, '2025-09-04 16:45:00'), 
(9, 17, 2, '2025-09-07 11:15:00'),
(10, 22, 1, '2025-09-03 13:30:00'),
(11, 29, 1, '2025-09-08 15:45:00'),
(12, 8, 3, '2025-09-02 12:20:00'),
(13, 14, 2, '2025-09-06 09:30:00'),
(14, 24, 1, '2025-09-05 17:15:00'),
(15, 27, 1, '2025-09-07 14:45:00');
INSERT INTO ProductReview (userID, productID, feedbackDate, rating, review) VALUES
(7, 7, '2025-07-05 18:30:00', 5, 'Excellent quality cotton punjabi. Very comfortable and good stitching.'),
(7, 13, '2025-07-06 19:15:00', 4, 'Good collection of Himu stories. My children loved it.'),
(8, 8, '2025-07-08 20:00:00', 5, 'Beautiful kurti design. Perfect fit and fast delivery.'),
(8, 19, '2025-07-12 18:45:00', 4, 'Rice cooker works well. Good value for money.'),
(9, 1, '2025-07-10 17:30:00', 5, 'Amazing phone! Camera quality is superb and battery life is excellent.'),
(10, 10, '2025-07-12 16:20:00', 4, 'Good formal shirt. Material quality is nice.'),
(11, 17, '2025-07-15 19:30:00', 5, 'Very helpful Python programming book. Easy to understand.'),
(12, 13, '2025-07-18 20:15:00', 3, 'Story is good but print quality could be better.'),
(13, 9, '2025-07-20 18:00:00', 4, 'Good quality jeans. Perfect size and comfortable.'),
(14, 16, '2025-07-25 17:45:00', 5, 'Excellent Bangla literature collection. Highly recommended.'),
(15, 25, '2025-07-28 19:00:00', 4, 'Good cricket bat. Light weight and good grip.'),
(16, 11, '2025-08-02 18:30:00', 5, 'Beautiful Jamdani saree. Authentic design and good quality.'),
(17, 22, '2025-08-05 20:30:00', 4, 'Pressure cooker is good. Cooks rice perfectly.'),
(18, 7, '2025-08-08 17:15:00', 5, 'Very comfortable punjabi for daily wear. Good fabric quality.'),
(19, 14, '2025-08-12 19:45:00', 4, 'Physics book has clear explanations. Good for students.'),
(20, 28, '2025-08-15 18:20:00', 5, 'Excellent yoga mat. Good thickness and anti-slip surface.');
INSERT INTO Wishlist (userID, productID, dateAdded) VALUES
(7, 2, '2025-08-20 10:30:00'),
(7, 6, '2025-08-22 14:20:00'),
(8, 4, '2025-08-18 16:45:00'),
(9, 5, '2025-08-25 11:15:00'),
(10, 3, '2025-08-21 13:30:00'),
(11, 29, '2025-08-19 15:45:00'),
(12, 11, '2025-08-23 12:20:00'),
(13, 6, '2025-08-26 09:30:00'),
(14, 2, '2025-08-24 17:15:00'),
(15, 4, '2025-08-27 14:45:00'),
(16, 29, '2025-08-20 16:30:00'),
(17, 3, '2025-08-28 11:45:00'),
(18, 5, '2025-08-22 13:20:00'), 
(19, 6, '2025-08-29 15:30:00'),
(20, 2, '2025-08-25 12:15:00');
INSERT INTO UserActivity (userID, inventoryID, activityType, activityDate) VALUES
(7, 7, 'purchase', '2025-07-01 10:30:00'),
(7, 12, 'purchase', '2025-07-01 10:30:00'),
(8, 8, 'purchase', '2025-07-02 14:20:00'),
(9, 1, 'purchase', '2025-07-03 09:15:00'),
(7, 1, 'view', '2025-08-30 10:15:00'),
(7, 2, 'view', '2025-08-30 10:16:00'),
(7, 3, 'view', '2025-09-05 10:25:00'),
(8, 4, 'view', '2025-08-31 14:30:00'),
(8, 5, 'view', '2025-09-01 16:45:00'),
(9, 6, 'view', '2025-09-02 11:20:00'),
(10, 1, 'view', '2025-09-03 13:15:00'),
(11, 2, 'view', '2025-09-04 15:30:00'),
(12, 3, 'view', '2025-09-05 17:45:00'),
(13, 4, 'view', '2025-09-06 09:20:00'),
(14, 5, 'view', '2025-09-06 11:35:00'),
(15, 6, 'view', '2025-09-07 13:50:00'),
(7, 2, 'wishlist', '2025-08-20 10:30:00'),
(8, 4, 'wishlist', '2025-08-18 16:45:00'),
(9, 5, 'wishlist', '2025-08-25 11:15:00'),
(10, 3, 'wishlist', '2025-08-21 13:30:00'),
(16, 1, 'view', '2025-09-01 12:30:00'),
(17, 2, 'view', '2025-09-02 14:15:00'),
(18, 3, 'view', '2025-09-03 16:20:00'),
(19, 4, 'view', '2025-09-04 18:45:00'),
(20, 5, 'view', '2025-09-05 20:10:00'),
(21, 6, 'view', '2025-09-06 10:25:00'),
(22, 1, 'view', '2025-09-07 12:40:00'),
(23, 2, 'view', '2025-09-08 14:55:00'),
(24, 3, 'view', '2025-09-08 17:10:00'),
(25, 4, 'view', '2025-09-09 09:25:00');
